[
  {
    "country": "Afghanistan",
    "happiness": 2.404,
    "continent": "Asia"
  },
  {
    "country": "Lebanon",
    "happiness": 2.955,
    "continent": "Asia"
  },
  {
    "country": "Zimbabwe",
    "happiness": 2.995,
    "continent": "Africa"
  },
  {
    "country": "Rwanda",
    "happiness": 3.268,
    "continent": "Africa"
  },
  {
    "country": "Botswana",
    "happiness": 3.471,
    "continent": "Africa"
  },
  {
    "country": "Lesotho",
    "happiness": 3.512,
    "continent": "Africa"
  },
  {
    "country": "Sierra Leone",
    "happiness": 3.574,
    "continent": "Africa"
  },
  {
    "country": "Tanzania",
    "happiness": 3.702,
    "continent": "Africa"
  },
  {
    "country": "Malawi",
    "happiness": 3.75,
    "continent": "Africa"
  },
  {
    "country": "Zambia",
    "happiness": 3.76,
    "continent": "Africa"
  },
  {
    "country": "India",
    "happiness": 3.777,
    "continent": "Asia"
  },
  {
    "country": "Togo",
    "happiness": 4.112,
    "continent": "Africa"
  },
  {
    "country": "Jordan",
    "happiness": 4.152,
    "continent": "Asia"
  },
  {
    "country": "Mauritania",
    "happiness": 4.153,
    "continent": "Africa"
  },
  {
    "country": "Yemen",
    "happiness": 4.197,
    "continent": "Asia"
  },
  {
    "country": "Ethiopia",
    "happiness": 4.241,
    "continent": "Africa"
  },
  {
    "country": "Chad",
    "happiness": 4.251,
    "continent": "Africa"
  },
  {
    "country": "Egypt",
    "happiness": 4.288,
    "continent": "Africa"
  },
  {
    "country": "Madagascar",
    "happiness": 4.339,
    "continent": "Africa"
  },
  {
    "country": "Sri Lanka",
    "happiness": 4.362,
    "continent": "Asia"
  },
  {
    "country": "Myanmar",
    "happiness": 4.394,
    "continent": "Asia"
  },
  {
    "country": "Eswatini, Kingdom of",
    "happiness": 4.396,
    "continent": "Africa"
  },
  {
    "country": "Namibia",
    "happiness": 4.459,
    "continent": "Africa"
  },
  {
    "country": "Mali",
    "happiness": 4.479,
    "continent": "Africa"
  },
  {
    "country": "Palestinian Territories",
    "happiness": 4.483,
    "continent": "Asia"
  },
  {
    "country": "Pakistan",
    "happiness": 4.516,
    "continent": "Asia"
  },
  {
    "country": "Tunisia",
    "happiness": 4.516,
    "continent": "Africa"
  },
  {
    "country": "Kenya",
    "happiness": 4.543,
    "continent": "Africa"
  },
  {
    "country": "Nigeria",
    "happiness": 4.552,
    "continent": "Africa"
  },
  {
    "country": "Uganda",
    "happiness": 4.603,
    "continent": "Africa"
  },
  {
    "country": "Comoros",
    "happiness": 4.609,
    "continent": "Africa"
  },
  {
    "country": "Benin",
    "happiness": 4.623,
    "continent": "Africa"
  },
  {
    "country": "Cambodia",
    "happiness": 4.64,
    "continent": "Asia"
  },
  {
    "country": "Burkina Faso",
    "happiness": 4.67,
    "continent": "Africa"
  },
  {
    "country": "Turkey",
    "happiness": 4.744,
    "continent": "Asia"
  },
  {
    "country": "Ghana",
    "happiness": 4.872,
    "continent": "Africa"
  },
  {
    "country": "Iran",
    "happiness": 4.888,
    "continent": "Asia"
  },
  {
    "country": "Guinea",
    "happiness": 4.891,
    "continent": "Africa"
  },
  {
    "country": "Venezuela",
    "happiness": 4.925,
    "continent": "South America"
  },
  {
    "country": "Iraq",
    "happiness": 4.941,
    "continent": "Asia"
  },
  {
    "country": "Gabon",
    "happiness": 4.958,
    "continent": "Africa"
  },
  {
    "country": "Georgia",
    "happiness": 4.973,
    "continent": "Europe"
  },
  {
    "country": "Niger",
    "happiness": 5.003,
    "continent": "Africa"
  },
  {
    "country": "Senegal",
    "happiness": 5.046,
    "continent": "Africa"
  },
  {
    "country": "Cameroon",
    "happiness": 5.048,
    "continent": "Africa"
  },
  {
    "country": "Mozambique",
    "happiness": 5.048,
    "continent": "Africa"
  },
  {
    "country": "Morocco",
    "happiness": 5.06,
    "continent": "Africa"
  },
  {
    "country": "Congo",
    "happiness": 5.075,
    "continent": "Africa"
  },
  {
    "country": "Ukraine",
    "happiness": 5.084,
    "continent": "Europe"
  },
  {
    "country": "Liberia",
    "happiness": 5.122,
    "continent": "Africa"
  },
  {
    "country": "Algeria",
    "happiness": 5.122,
    "continent": "Africa"
  },
  {
    "country": "Laos",
    "happiness": 5.14,
    "continent": "Asia"
  },
  {
    "country": "Bangladesh",
    "happiness": 5.155,
    "continent": "Asia"
  },
  {
    "country": "Gambia",
    "happiness": 5.164,
    "continent": "Africa"
  },
  {
    "country": "Azerbaijan",
    "happiness": 5.173,
    "continent": "Europe"
  },
  {
    "country": "South Africa",
    "happiness": 5.194,
    "continent": "Africa"
  },
  {
    "country": "Albania",
    "happiness": 5.199,
    "continent": "Europe"
  },
  {
    "country": "North Macedonia",
    "happiness": 5.199,
    "continent": "Europe"
  },
  {
    "country": "Ivory Coast",
    "happiness": 5.235,
    "continent": "Africa"
  },
  {
    "country": "Indonesia",
    "happiness": 5.24,
    "continent": "Asia"
  },
  {
    "country": "Libya",
    "happiness": 5.33,
    "continent": "Africa"
  },
  {
    "country": "Bulgaria",
    "happiness": 5.371,
    "continent": "Europe"
  },
  {
    "country": "Nepal",
    "happiness": 5.377,
    "continent": "Asia"
  },
  {
    "country": "Tajikistan",
    "happiness": 5.377,
    "continent": "Asia"
  },
  {
    "country": "Armenia",
    "happiness": 5.399,
    "continent": "Europe"
  },
  {
    "country": "Hong Kong S.A.R. of China",
    "happiness": 5.425,
    "continent": "Asia"
  },
  {
    "country": "Russia",
    "happiness": 5.459,
    "continent": "Asia"
  },
  {
    "country": "North Cyprus",
    "happiness": 5.467,
    "continent": "Europe"
  },
  {
    "country": "Turkmenistan",
    "happiness": 5.474,
    "continent": "Asia"
  },
  {
    "country": "Vietnam",
    "happiness": 5.485,
    "continent": "Asia"
  },
  {
    "country": "Ecuador",
    "happiness": 5.533,
    "continent": "South America"
  },
  {
    "country": "Montenegro",
    "happiness": 5.547,
    "continent": "Europe"
  },
  {
    "country": "Peru",
    "happiness": 5.559,
    "continent": "South America"
  },
  {
    "country": "Paraguay",
    "happiness": 5.578,
    "continent": "South America"
  },
  {
    "country": "China",
    "happiness": 5.585,
    "continent": "Asia"
  },
  {
    "country": "Bolivia",
    "happiness": 5.6,
    "continent": "South America"
  },
  {
    "country": "Malaysia",
    "happiness": 5.711,
    "continent": "Asia"
  },
  {
    "country": "Dominican Republic",
    "happiness": 5.737,
    "continent": "North America"
  },
  {
    "country": "Mongolia",
    "happiness": 5.761,
    "continent": "Asia"
  },
  {
    "country": "Bosnia and Herzegovina",
    "happiness": 5.768,
    "continent": "Europe"
  },
  {
    "country": "Colombia",
    "happiness": 5.781,
    "continent": "South America"
  },
  {
    "country": "Belarus",
    "happiness": 5.821,
    "continent": "Europe"
  },
  {
    "country": "Kyrgyzstan",
    "happiness": 5.828,
    "continent": "Asia"
  },
  {
    "country": "Jamaica",
    "happiness": 5.85,
    "continent": "North America"
  },
  {
    "country": "Moldova",
    "happiness": 5.857,
    "continent": "Europe"
  },
  {
    "country": "Thailand",
    "happiness": 5.891,
    "continent": "Asia"
  },
  {
    "country": "Philippines",
    "happiness": 5.904,
    "continent": "Asia"
  },
  {
    "country": "South Korea",
    "happiness": 5.935,
    "continent": "Asia"
  },
  {
    "country": "Greece",
    "happiness": 5.948,
    "continent": "Europe"
  },
  {
    "country": "Argentina",
    "happiness": 5.967,
    "continent": "South America"
  },
  {
    "country": "Portugal",
    "happiness": 6.016,
    "continent": "Europe"
  },
  {
    "country": "Honduras",
    "happiness": 6.022,
    "continent": "North America"
  },
  {
    "country": "Japan",
    "happiness": 6.039,
    "continent": "Asia"
  },
  {
    "country": "Uzbekistan",
    "happiness": 6.063,
    "continent": "Asia"
  },
  {
    "country": "Mauritius",
    "happiness": 6.071,
    "continent": "Africa"
  },
  {
    "country": "Hungary",
    "happiness": 6.086,
    "continent": "Europe"
  },
  {
    "country": "Kuwait",
    "happiness": 6.106,
    "continent": "Asia"
  },
  {
    "country": "El Salvador",
    "happiness": 6.12,
    "continent": "North America"
  },
  {
    "country": "Poland",
    "happiness": 6.123,
    "continent": "Europe"
  },
  {
    "country": "Croatia",
    "happiness": 6.125,
    "continent": "Europe"
  },
  {
    "country": "Mexico",
    "happiness": 6.128,
    "continent": "North America"
  },
  {
    "country": "Nicaragua",
    "happiness": 6.165,
    "continent": "North America"
  },
  {
    "country": "Chile",
    "happiness": 6.172,
    "continent": "South America"
  },
  {
    "country": "Serbia",
    "happiness": 6.178,
    "continent": "Europe"
  },
  {
    "country": "Latvia",
    "happiness": 6.18,
    "continent": "Europe"
  },
  {
    "country": "Cyprus",
    "happiness": 6.221,
    "continent": "Europe"
  },
  {
    "country": "Kazakhstan",
    "happiness": 6.234,
    "continent": "Asia"
  },
  {
    "country": "Guatemala",
    "happiness": 6.262,
    "continent": "North America"
  },
  {
    "country": "Brazil",
    "happiness": 6.293,
    "continent": "South America"
  },
  {
    "country": "Panama",
    "happiness": 6.309,
    "continent": "North America"
  },
  {
    "country": "Estonia",
    "happiness": 6.341,
    "continent": "Europe"
  },
  {
    "country": "Slovakia",
    "happiness": 6.391,
    "continent": "Europe"
  },
  {
    "country": "Lithuania",
    "happiness": 6.446,
    "continent": "Europe"
  },
  {
    "country": "Malta",
    "happiness": 6.447,
    "continent": "Europe"
  },
  {
    "country": "Kosovo",
    "happiness": 6.455,
    "continent": "Europe"
  },
  {
    "country": "Italy",
    "happiness": 6.467,
    "continent": "Europe"
  },
  {
    "country": "Uruguay",
    "happiness": 6.474,
    "continent": "South America"
  },
  {
    "country": "Spain",
    "happiness": 6.476,
    "continent": "Europe"
  },
  {
    "country": "Romania",
    "happiness": 6.477,
    "continent": "Europe"
  },
  {
    "country": "Singapore",
    "happiness": 6.48,
    "continent": "Asia"
  },
  {
    "country": "Taiwan Province of China",
    "happiness": 6.512,
    "continent": "Asia"
  },
  {
    "country": "Saudi Arabia",
    "happiness": 6.523,
    "continent": "Asia"
  },
  {
    "country": "United Arab Emirates",
    "happiness": 6.576,
    "continent": "Asia"
  },
  {
    "country": "Costa Rica",
    "happiness": 6.582,
    "continent": "North America"
  },
  {
    "country": "Slovenia",
    "happiness": 6.63,
    "continent": "Europe"
  },
  {
    "country": "Bahrain",
    "happiness": 6.647,
    "continent": "Asia"
  },
  {
    "country": "France",
    "happiness": 6.687,
    "continent": "Europe"
  },
  {
    "country": "Belgium",
    "happiness": 6.805,
    "continent": "Europe"
  },
  {
    "country": "Czechia",
    "happiness": 6.92,
    "continent": "Europe"
  },
  {
    "country": "United Kingdom",
    "happiness": 6.943,
    "continent": "Europe"
  },
  {
    "country": "United States",
    "happiness": 6.977,
    "continent": "North America"
  },
  {
    "country": "Canada",
    "happiness": 7.025,
    "continent": "North America"
  },
  {
    "country": "Germany",
    "happiness": 7.034,
    "continent": "Europe"
  },
  {
    "country": "Ireland",
    "happiness": 7.041,
    "continent": "Europe"
  },
  {
    "country": "Australia",
    "happiness": 7.162,
    "continent": "Oceania"
  },
  {
    "country": "Austria",
    "happiness": 7.163,
    "continent": "Europe"
  },
  {
    "country": "New Zealand",
    "happiness": 7.2,
    "continent": "Oceania"
  },
  {
    "country": "Israel",
    "happiness": 7.364,
    "continent": "Asia"
  },
  {
    "country": "Norway",
    "happiness": 7.365,
    "continent": "Europe"
  },
  {
    "country": "Sweden",
    "happiness": 7.384,
    "continent": "Europe"
  },
  {
    "country": "Luxembourg",
    "happiness": 7.404,
    "continent": "Europe"
  },
  {
    "country": "Netherlands",
    "happiness": 7.415,
    "continent": "Europe"
  },
  {
    "country": "Switzerland",
    "happiness": 7.512,
    "continent": "Europe"
  },
  {
    "country": "Iceland",
    "happiness": 7.557,
    "continent": "Europe"
  },
  {
    "country": "Denmark",
    "happiness": 7.636,
    "continent": "Europe"
  },
  {
    "country": "Finland",
    "happiness": 7.821,
    "continent": "Europe"
  }
]